{
  "meta_info": {
    "dataset_name": "wikitext",
    "dataset_config": "wikitext-2-raw-v1",
    "max_train_samples": 5000,
    "max_val_samples": 500,
    "train_max_length": 128,
    "epochs": 10,
    "learning_rate": 0.0001,
    "model_params": {
      "vocab_size": 419,
      "d_model": 256,
      "n_heads": 8,
      "n_layers": 4,
      "d_ff": 1024,
      "max_seq_len": 128,
      "dropout": 0.1
    },
    "orthogonal_perplexity": 4.834722945586169,
    "standard_perplexity": 6.632378042752429
  },
  "independence": {
    "sequences": [
      "The quick brown fox",
      "Machine learning models",
      "Neural networks are",
      "Deep learning has"
    ],
    "orthogonal_independence": [
      0.13248184323310852,
      0.11012453585863113,
      0.12354949116706848,
      0.12337163835763931
    ],
    "standard_independence": [
      0.20249831676483154,
      0.20764751732349396,
      0.22810998558998108,
      0.23080888390541077
    ]
  },
  "diversity": {
    "prompts": [
      "The ",
      "Machine learning ",
      "Neural network is ",
      "Deep learning can "
    ],
    "orthogonal_diversity": [
      0.8181818181818182,
      0.54,
      0.5222222222222223,
      0.5138888888888888
    ],
    "standard_diversity": [
      0.7636363636363637,
      0.49142857142857144,
      0.5333333333333333,
      0.5305555555555556
    ]
  },
  "robustness": {
    "noise_levels": [
      0.0,
      0.05,
      0.1,
      0.2,
      0.5
    ],
    "orthogonal_robustness": [
      4.631284505202116e-12,
      2.655053776834393e-06,
      7.478705811081454e-06,
      3.179684063070454e-05,
      0.00019810759113170207
    ],
    "standard_robustness": [
      0.0014426370617002249,
      0.001443279441446066,
      0.0014507476007565856,
      0.0014689648523926735,
      0.0014667065115645528
    ]
  },
  "bottleneck": {
    "sequences": [
      "The quick brown fox",
      "Machine learning models",
      "Neural networks are",
      "Deep learning has"
    ],
    "orthogonal_entropy": [
      1.4747668504714966,
      1.5847043991088867,
      1.5049152374267578,
      1.5531388521194458
    ],
    "standard_entropy": [
      1.7873177528381348,
      1.97274911403656,
      2.192420482635498,
      2.0485634803771973
    ],
    "orthogonal_mutual_info": [
      0.7050600209163966,
      0.5986338546425878,
      0.6417524366560716,
      0.8545095318665141
    ],
    "standard_mutual_info": [
      0.8436992527140772,
      0.6096195537389271,
      1.0831727885382514,
      0.8155865170519014
    ]
  }
}