{
  "meta_info": {
    "dataset_name": "wikitext",
    "dataset_config": "wikitext-2-raw-v1",
    "max_train_samples": 5000,
    "max_val_samples": 500,
    "train_max_length": 128,
    "epochs": 10,
    "learning_rate": 0.0001,
    "model_params": {
      "vocab_size": 419,
      "d_model": 256,
      "n_heads": 8,
      "n_layers": 4,
      "d_ff": 1024,
      "max_seq_len": 128,
      "dropout": 0.1
    },
    "orthogonal_perplexity": 4.831624114917964,
    "standard_perplexity": 6.667059213533348
  },
  "independence": {
    "sequences": [
      "The quick brown fox",
      "Machine learning models",
      "Neural networks are",
      "Deep learning has"
    ],
    "orthogonal_independence": [
      0.12927132844924927,
      0.10562126338481903,
      0.12127792835235596,
      0.12010589987039566
    ],
    "standard_independence": [
      0.2063630074262619,
      0.20012003183364868,
      0.21193046867847443,
      0.22214174270629883
    ]
  },
  "diversity": {
    "prompts": [
      "The ",
      "Machine learning ",
      "Neural network is ",
      "Deep learning can "
    ],
    "orthogonal_diversity": [
      0.8590909090909091,
      0.5028571428571429,
      0.5194444444444445,
      0.5111111111111111
    ],
    "standard_diversity": [
      0.8181818181818182,
      0.5514285714285714,
      0.5361111111111111,
      0.5194444444444445
    ]
  },
  "robustness": {
    "noise_levels": [
      0.0,
      0.05,
      0.1,
      0.2,
      0.5
    ],
    "orthogonal_robustness": [
      4.967401490141299e-12,
      1.7520499113743426e-06,
      8.673260708746966e-06,
      3.1337174732470885e-05,
      0.0002759218623396009
    ],
    "standard_robustness": [
      0.0014969222247600555,
      0.0014887723373249173,
      0.00149849196895957,
      0.0015047128545120358,
      0.0016270987689495087
    ]
  },
  "bottleneck": {
    "sequences": [
      "The quick brown fox",
      "Machine learning models",
      "Neural networks are",
      "Deep learning has"
    ],
    "orthogonal_entropy": [
      1.4345277547836304,
      1.7199337482452393,
      1.5851707458496094,
      1.599910020828247
    ],
    "standard_entropy": [
      1.7770702838897705,
      2.0166831016540527,
      2.1615359783172607,
      2.056262254714966
    ],
    "orthogonal_mutual_info": [
      1.0423349304866556,
      0.6921605769337287,
      0.929960615889633,
      0.9052769464168291
    ],
    "standard_mutual_info": [
      1.051990197337906,
      0.8882379738187036,
      1.1524924144370896,
      1.0483822686903008
    ]
  }
}